{"../content/index.md": 1683792424.882977, "../content/data/maps/index.html": 1683792424.8409762, "../content/data/all/index.html": 1683792424.8309762, "../content/data/patterns/index.html": 1683792424.8479764, "../content/project/instructions/index.md": 1683792425.5179873, "../content/project/description/index.md": 1683792425.5129871, "../content/project/questionnaire/index.md": 1683792425.5669882, "../content/project/publications/index.md": 1683792425.559988, "../content/project/team/index.md": 1684934148.4368098, "../content/download/index.md": 1683792424.8559766, "../content/languages/mapview/index.html": 1683792425.1069806, "../content/languages/listview/index.html": 1683792425.0999806, "../content/languages/descriptions/Norwegian_Bokmal.md": 1683792425.0139792, "../content/languages/descriptions/Chinese_Mandarin.md": 1684934148.4178095, "../content/languages/descriptions/Rutul.md": 1683792425.0339794, "../content/languages/descriptions/Nivkh.md": 1683792425.0109792, "../content/languages/descriptions/Italian.md": 1683792424.9909787, "../content/languages/descriptions/Danish.md": 1683792424.938978, "../content/languages/descriptions/Finnish.md": 1683792424.9649782, "../content/languages/descriptions/Bambara.md": 1683792424.9179776, "../content/languages/descriptions/Assyrian_Neo_Aramaic.md": 1683792424.9099774, "../content/languages/descriptions/German.md": 1683792424.9749784, "../content/languages/descriptions/French.md": 1683792424.9699783, "../content/languages/descriptions/Latin.md": 1683792425.002979, "../content/languages/descriptions/Slovenian.md": 1683792425.0499797, "../content/languages/descriptions/Shughni.md": 1683792425.0459797, "../content/languages/descriptions/Irish.md": 1683792424.9839787, "../content/languages/descriptions/Telugu.md": 1684934148.4298096, "../content/languages/descriptions/Nanai.md": 1683792425.006979, "../content/languages/descriptions/Kazakh.md": 1683792424.9939787, "../content/languages/descriptions/Spanish.md": 1683792425.0539799, "../content/languages/descriptions/Hebrew_Modern.md": 1683792424.9789786, "../content/languages/descriptions/Andi_Zilo.md": 1683792424.9049773, "../content/languages/descriptions/Saami_Skolt.md": 1683792425.0379796, "../content/languages/descriptions/Czech.md": 1683792424.9319777, "../content/languages/descriptions/Estonian.md": 1683792424.9519782, "../content/languages/descriptions/Russian.md": 1683792425.0289793, "../content/languages/descriptions/Khanty_Kazym.md": 1683792424.9989789, "../content/languages/descriptions/Portuguese_Brazilian.md": 1683792425.0259793, "../content/languages/descriptions/Polish.md": 1683792425.0219793, "../content/languages/descriptions/Abaza.md": 1683792424.8939772, "../content/languages/descriptions/Aghul.md": 1683792424.8999772, "../content/languages/descriptions/Dutch.md": 1683792424.942978, "../content/languages/descriptions/Uzbek.md": 1683792425.0799801, "../content/languages/descriptions/Catalan.md": 1683792424.9229777, "../content/languages/descriptions/Turkish.md": 1683792425.06198, "../content/languages/descriptions/Ulcha.md": 1683792425.07398, "../content/languages/descriptions/Mansi_Northern.md": 1684934148.4218094, "../content/languages/descriptions/Swedish.md": 1683792425.0589797, "../content/languages/descriptions/Serbian.md": 1683792425.0419796, "../content/languages/descriptions/Oromo_West_Central.md": 1684934148.4258096, "../content/languages/descriptions/Enets_Forest.md": 1683792424.947978, "../content/predicates/index.html": 1683792425.1119807, "../content/predicates/pred/hittarget.html": 1683792425.3339844, "../content/predicates/pred/sympathise.html": 1683792425.4589863, "../content/predicates/pred/avoid.html": 1683792425.130981, "../content/predicates/pred/plough.html": 1683792425.4129856, "../content/predicates/pred/fight.html": 1683792425.2679832, "../content/predicates/pred/speak.html": 1683792425.4539864, "../content/predicates/pred/break.html": 1683792425.192982, "../content/predicates/pred/go_out.html": 1683792425.303984, "../content/predicates/pred/look.html": 1683792425.3589847, "../content/predicates/pred/envy.html": 1683792425.256983, "../content/predicates/pred/sing.html": 1683792425.4459863, "../content/predicates/pred/forget.html": 1683792425.2849836, "../content/predicates/pred/be_glad.html": 1683792425.1609814, "../content/predicates/pred/reach.html": 1683792425.4239857, "../content/predicates/pred/fall_behind.html": 1683792425.259983, "../content/predicates/pred/get_upset.html": 1683792425.2989838, "../content/predicates/pred/lovetea.html": 1683792425.372985, "../content/predicates/pred/take_offence.html": 1683792425.4669864, "../content/predicates/pred/surround.html": 1683792425.4559863, "../content/predicates/pred/be_shy.html": 1683792425.1689816, "../content/predicates/pred/hold.html": 1683792425.3369844, "../content/predicates/pred/believe.html": 1683792425.1809819, "../content/predicates/pred/smell.html": 1683792425.4509861, "../content/predicates/pred/have_a_quarrel.html": 1683792425.317984, "../content/predicates/pred/milk.html": 1683792425.3889852, "../content/predicates/pred/help.html": 1683792425.3289843, "../content/predicates/pred/leave.html": 1683792425.3499846, "../content/predicates/pred/punish.html": 1683792425.4179857, "../content/predicates/pred/haveillness.html": 1683792425.3229842, "../content/predicates/pred/remain.html": 1683792425.4289858, "../content/predicates/pred/wash.html": 1683792425.498987, "../content/predicates/pred/be_different.html": 1683792425.1499813, "../content/predicates/pred/attack.html": 1683792425.126981, "../content/predicates/pred/have_enough.html": 1683792425.3199842, "../content/predicates/pred/make.html": 1683792425.374985, "../content/predicates/pred/be_friends.html": 1683792425.1569815, "../content/predicates/pred/trust.html": 1683792425.4819868, "../content/predicates/pred/be_surprised.html": 1683792425.1769817, "../content/predicates/pred/flatter.html": 1683792425.2769835, "../content/predicates/pred/movebodypart.html": 1683792425.3969853, "../content/predicates/pred/read.html": 1683792425.4259858, "../content/predicates/pred/dreamsleeping.html": 1683792425.2349827, "../content/predicates/pred/be_fond.html": 1683792425.1539814, "../content/predicates/pred/make_fun.html": 1683792425.377985, "../content/predicates/pred/throw.html": 1683792425.4749866, "../content/predicates/pred/govern.html": 1683792425.306984, "../content/predicates/pred/obey.html": 1683792425.4019854, "../content/predicates/pred/hate.html": 1683792425.309984, "../content/predicates/pred/kiss.html": 1683792425.3449845, "../content/predicates/pred/cost.html": 1683792425.203982, "../content/predicates/pred/have.html": 1683792425.311984, "../content/predicates/pred/be_called.html": 1683792425.1419811, "../content/predicates/pred/write.html": 1683792425.506987, "../content/predicates/pred/resemble.html": 1683792425.4349859, "../content/predicates/pred/answer.html": 1683792425.1229808, "../content/predicates/pred/drop.html": 1683792425.2429829, "../content/predicates/pred/put_on.html": 1683792425.4209857, "../content/predicates/pred/bend.html": 1683792425.1849818, "../content/predicates/pred/remember.html": 1683792425.4319859, "../content/predicates/pred/depend.html": 1683792425.2199824, "../content/predicates/pred/melt.html": 1683792425.3859851, "../content/predicates/pred/enter.html": 1683792425.253983, "../content/predicates/pred/get_stuck.html": 1683792425.2929838, "../content/predicates/pred/enjoy.html": 1683792425.251983, "../content/predicates/pred/encounter.html": 1683792425.248983, "../content/predicates/pred/see.html": 1683792425.439986, "../content/predicates/pred/fry.html": 1683792425.2869835, "../content/predicates/pred/paint.html": 1683792425.4069855, "../content/predicates/pred/sink.html": 1683792425.4479861, "../content/predicates/pred/catch_up.html": 1683792425.1999822, "../content/predicates/pred/fillintr.html": 1683792425.2709832,