{"../content/index.md": 1732120297.992843, "../content/data/all/index.html": 1699964834.4355526, "../content/data/maps/index.html": 1699964834.4355526, "../content/data/patterns/index.html": 1739381510.0558486, "../content/download/index.md": 1699964834.4511826, "../content/howtoreadthedata/index.md": 1699964834.4511826, "../content/languages/descriptions/Abaza.md": 1739381503.1069727, "../content/languages/descriptions/Adyghe_West_Circassian.md": 1739381503.085268, "../content/languages/descriptions/Aghul.md": 1739381503.1069727, "../content/languages/descriptions/Akhvakh_Northern.md": 1739381503.085268, "../content/languages/descriptions/Andi_Zilo.md": 1739381503.1069727, "../content/languages/descriptions/Arabic_Jewish_Baghdadi.md": 1759177835.7774625, "../content/languages/descriptions/Arabic_Northern_Syrian.md": 1759177582.026608, "../content/languages/descriptions/Arabic_South_Levantine_Nazareth.md": 1759177582.0422938, "../content/languages/descriptions/Arabic_Standard.md": 1739381503.085268, "../content/languages/descriptions/Archi.md": 1739381503.1069727, "../content/languages/descriptions/Armenian_Eastern.md": 1759177582.0422938, "../content/languages/descriptions/Assyrian_Neo_Aramaic.md": 1759177582.0489194, "../content/languages/descriptions/Avar.md": 1759177582.0579457, "../content/languages/descriptions/Azerbaijani.md": 1739381503.0872946, "../content/languages/descriptions/Bafut.md": 1739381503.1069727, "../content/languages/descriptions/Bambara.md": 1739381503.1069727, "../content/languages/descriptions/Bartangi.md": 1759177582.0579457, "../content/languages/descriptions/Belarusian.md": 1759177582.0579457, "../content/languages/descriptions/Budugh.md": 1759177582.0736873, "../content/languages/descriptions/Bulgarian.md": 1759177582.0736873, "../content/languages/descriptions/Catalan.md": 1739381503.0882926, "../content/languages/descriptions/Chechen.md": 1739381503.0882926, "../content/languages/descriptions/Chinese_Mandarin.md": 1739381503.0882926, "../content/languages/descriptions/Chirag.md": 1739381503.0882926, "../content/languages/descriptions/Croatian.md": 1759177582.0736873, "../content/languages/descriptions/Czech.md": 1739381503.0902925, "../content/languages/descriptions/Danish.md": 1739381503.0902925, "../content/languages/descriptions/Dargwa_Itsari.md": 1759177582.0893888, "../content/languages/descriptions/Dargwa_Kadar.md": 1739381503.0902925, "../content/languages/descriptions/Dargwa_Kaytag.md": 1759177582.0893888, "../content/languages/descriptions/Dargwa_Kubachi.md": 1759177582.0893888, "../content/languages/descriptions/Dargwa_Tsudakhar.md": 1759177582.1052423, "../content/languages/descriptions/Dargwa_Tsugni.md": 1739381503.0902925, "../content/languages/descriptions/Dutch.md": 1739381503.0902925, "../content/languages/descriptions/Enets_Forest.md": 1739381503.0902925, "../content/languages/descriptions/English.md": 1739381503.0902925, "../content/languages/descriptions/Estonian.md": 1739381503.1069727, "../content/languages/descriptions/Finnish.md": 1759177582.1052423, "../content/languages/descriptions/French.md": 1739381503.1069727, "../content/languages/descriptions/Gascon.md": 1759177582.1052423, "../content/languages/descriptions/Gban.md": 1759177582.1210403, "../content/languages/descriptions/Georgian.md": 1759177582.1210403, "../content/languages/descriptions/German.md": 1739381503.1059723, "../content/languages/descriptions/Hebrew_Modern.md": 1739381503.0934625, "../content/languages/descriptions/Hindi.md": 1739381503.0934625, "../content/languages/descriptions/Indonesian_Standard.md": 1759177582.1367161, "../content/languages/descriptions/Irish.md": 1739381503.1059723, "../content/languages/descriptions/Italian.md": 1739381503.0934625, "../content/languages/descriptions/Karata.md": 1759177582.1367161, "../content/languages/descriptions/Kazakh.md": 1739381503.1059723, "../content/languages/descriptions/Khanty_Kazym.md": 1739381503.0934625, "../content/languages/descriptions/Khoekhoe.md": 1739381503.1059723, "../content/languages/descriptions/Khwarshi.md": 1739381503.0934625, "../content/languages/descriptions/Komi_Permyak.md": 1759177582.1367161, "../content/languages/descriptions/Komi_Zyrian.md": 1759177582.1489525, "../content/languages/descriptions/Kpelle_Guinean.md": 1739381503.0934625, "../content/languages/descriptions/Kryz_Alik.md": 1759177582.1523519, "../content/languages/descriptions/Kryz_Ismayilli.md": 1759177582.1523519, "../content/languages/descriptions/Kryz_Proper.md": 1759177582.1523519, "../content/languages/descriptions/Kumyk.md": 1739381503.0944624, "../content/languages/descriptions/Kurdish_Sorani.md": 1739381503.0964627, "../content/languages/descriptions/Kurmanji_Northern_Kurdish.md": 1759177582.168073, "../content/languages/descriptions/Lak_Quba.md": 1759177582.168073, "../content/languages/descriptions/Latin.md": 1739381503.0964627, "../content/languages/descriptions/Laz.md": 1739381503.0964627, "../content/languages/descriptions/Lezgian_Yargun.md": 1759177582.168073, "../content/languages/descriptions/Macedonian.md": 1759177582.1839345, "../content/languages/descriptions/Maltese.md": 1759177582.1839345, "../content/languages/descriptions/Maninka_Eastern.md": 1739381503.0964627, "../content/languages/descriptions/Mano.md": 1739381503.0964627, "../content/languages/descriptions/Mansi_Northern.md": 1739381503.0964627, "../content/languages/descriptions/Mehweb.md": 1759177582.1839345, "../content/languages/descriptions/Mingrelian.md": 1759177582.199677, "../content/languages/descriptions/Nanai.md": 1739381503.0964627, "../content/languages/descriptions/Nivkh.md": 1739381503.0964627, "../content/languages/descriptions/Norwegian_Bokmal.md": 1739381503.0964627, "../content/languages/descriptions/Oromo_West_Central.md": 1739381503.0964627, "../content/languages/descriptions/Persian.md": 1759177582.199677, "../content/languages/descriptions/Polish.md": 1739381503.0964627, "../content/languages/descriptions/Portuguese_Brazilian.md": 1739381503.0974624, "../content/languages/descriptions/Romanian.md": 1759177582.2153707, "../content/languages/descriptions/Romani_Kalderash.md": 1759177582.199677, "../content/languages/descriptions/Russian.md": 1739381503.0974624, "../content/languages/descriptions/Rutul_Kina.md": 1739381503.099966, "../content/languages/descriptions/Rutul_Mukhad.md": 1739381503.099966, "../content/languages/descriptions/Rutul_Myukhrek.md": 1759177582.2153707, "../content/languages/descriptions/Rutul_Shinaz.md": 1739381503.099966, "../content/languages/descriptions/Rutul_Shin_Borch.md": 1759177582.2153707, "../content/languages/descriptions/Saami_Skolt.md": 1759177582.2311661, "../content/languages/descriptions/Sagada.md": 1759177582.2311661, "../content/languages/descriptions/Serbian.md": 1739381503.099966, "../content/languages/descriptions/Shughni.md": 1759177582.2311661, "../content/languages/descriptions/Slovak.md": 1739381503.1009727, "../content/languages/descriptions/Slovenian.md": 1739381503.1009727, "../content/languages/descriptions/Spanish.md": 1739381503.1059723, "../content/languages/descriptions/Svan.md": 1759177582.2488983, "../content/languages/descriptions/Swedish.md": 1759177582.2488983, "../content/languages/descriptions/Tabasaran_Kandyk.md": 1759177582.2629175, "../content/languages/descriptions/Tagalog.md": 1759177582.2629175, "../content/languages/descriptions/Telugu.md": 1739381503.1009727, "../content/languages/descriptions/Tsakhur.md": 1759177582.2629175, "../content/languages/descriptions/Tswana.md": 1759177582.2825475, "../content/languages/descriptions/Turkish.md": 1739381503.1019728, "../content/languages/descriptions/Turoyo.md": 1759177582.2888026, "../content/languages/descriptions/Twi.md": 1739381503.1019728, "../content/languages/descriptions/Udi.md": 1759177582.2929776, "../content/languages/descriptions/Udmurt.md": 1759177582.2987728, "../content/languages/descriptions/Ukrainian.md": 1759177582.3050268,