{"../content/index.md": 1677426239.2408266, "../content/data/all/index.html": 1673016034.2864401, "../content/data/maps/index.html": 1673016034.290453, "../content/data/patterns/index.html": 1673016034.2964516, "../content/download/index.md": 1673016034.3004515, "../content/howtoreadthedata/index.md": 1673016034.3044517, "../content/languages/descriptions/Abaza.md": 1673016034.3144524, "../content/languages/descriptions/Aghul.md": 1673016034.3184538, "../content/languages/descriptions/Andi_Zilo.md": 1673016034.320452, "../content/languages/descriptions/Assyrian_Neo_Aramaic.md": 1677426239.2573743, "../content/languages/descriptions/Bambara.md": 1683702810.837862, "../content/languages/descriptions/Catalan.md": 1677426239.2608993, "../content/languages/descriptions/Chinese_Mandarin.md": 1683702810.841863, "../content/languages/descriptions/Czech.md": 1673016034.3284519, "../content/languages/descriptions/Danish.md": 1673016034.334452, "../content/languages/descriptions/Dutch.md": 1673016034.336452, "../content/languages/descriptions/Enets_Forest.md": 1677426239.2710738, "../content/languages/descriptions/Estonian.md": 1673016034.3424556, "../content/languages/descriptions/Finnish.md": 1673016034.3444557, "../content/languages/descriptions/French.md": 1683702810.8448617, "../content/languages/descriptions/German.md": 1677426239.2710738, "../content/languages/descriptions/Hebrew_Modern.md": 1673016034.350456, "../content/languages/descriptions/Irish.md": 1681889561.446395, "../content/languages/descriptions/Italian.md": 1673016034.3549592, "../content/languages/descriptions/Kazakh.md": 1673016034.356965, "../content/languages/descriptions/Khanty_Kazym.md": 1673016034.3589642, "../content/languages/descriptions/Latin.md": 1681889561.451395, "../content/languages/descriptions/Nanai.md": 1677426239.284607, "../content/languages/descriptions/Nivkh.md": 1677426239.2906134, "../content/languages/descriptions/Norwegian_Bokmal.md": 1677426239.2906134, "../content/languages/descriptions/Polish.md": 1673016034.372964, "../content/languages/descriptions/Portuguese_Brazilian.md": 1673016034.374966, "../content/languages/descriptions/Russian.md": 1677426239.3008194, "../content/languages/descriptions/Rutul.md": 1673016034.3829648, "../content/languages/descriptions/Saami_Skolt.md": 1673016034.384964, "../content/languages/descriptions/Serbian.md": 1683702810.8498695, "../content/languages/descriptions/Shughni.md": 1675590216.1553566, "../content/languages/descriptions/Slovenian.md": 1673016034.3889651, "../content/languages/descriptions/Spanish.md": 1673016034.392964, "../content/languages/descriptions/Swedish.md": 1673016034.394965, "../content/languages/descriptions/Turkish.md": 1677426239.3208725, "../content/languages/descriptions/Ulcha.md": 1673016034.402964, "../content/languages/descriptions/Uzbek.md": 1681889561.4604006, "../content/languages/listview/index.html": 1673016034.4089649, "../content/languages/mapview/index.html": 1673016034.412964, "../content/predicates/index.html": 1673016034.4169667, "../content/predicates/pred/agree.html": 1673016034.422964, "../content/predicates/pred/answer.html": 1673016034.4249651, "../content/predicates/pred/attack.html": 1673016034.4269638, "../content/predicates/pred/avoid.html": 1673016034.4309654, "../content/predicates/pred/believe.html": 1673016034.4612648, "../content/predicates/pred/bend.html": 1673016034.4632654, "../content/predicates/pred/be_afraid.html": 1673016034.4329638, "../content/predicates/pred/be_angry.html": 1673016034.434964, "../content/predicates/pred/be_called.html": 1673016034.436964, "../content/predicates/pred/be_content.html": 1673016034.4389644, "../content/predicates/pred/be_different.html": 1673016034.440964, "../content/predicates/pred/be_fond.html": 1673016034.4449682, "../content/predicates/pred/be_friends.html": 1673016034.4469683, "../content/predicates/pred/be_glad.html": 1673016034.4489694, "../content/predicates/pred/be_short.html": 1673016034.4509683, "../content/predicates/pred/be_shy.html": 1673016034.4529684, "../content/predicates/pred/be_squeamish.html": 1673016034.4549687, "../content/predicates/pred/be_surprised.html": 1673016034.457265, "../content/predicates/pred/bite.html": 1673016034.465265, "../content/predicates/pred/break.html": 1673016034.467266, "../content/predicates/pred/call.html": 1673016034.469266, "../content/predicates/pred/catch_up.html": 1673016034.4712648, "../content/predicates/pred/cost.html": 1673016034.4732647, "../content/predicates/pred/cover.html": 1673016034.477265, "../content/predicates/pred/cross.html": 1673016034.4792647, "../content/predicates/pred/cut_oneself.html": 1673016034.4812653, "../content/predicates/pred/depend.html": 1673016034.4832654, "../content/predicates/pred/despise.html": 1673016034.4859762, "../content/predicates/pred/dismount.html": 1673016034.4874806, "../content/predicates/pred/dream.html": 1673016034.4894853, "../content/predicates/pred/dreamsleeping.html": 1673016034.491485, "../content/predicates/pred/drink.html": 1673016034.495485, "../content/predicates/pred/drive.html": 1673016034.4974859, "../content/predicates/pred/drop.html": 1673016034.4994862, "../content/predicates/pred/eat.html": 1673016034.5034866, "../content/predicates/pred/encounter.html": 1673016034.5054853, "../content/predicates/pred/enjoy.html": 1673016034.5074852, "../content/predicates/pred/enter.html": 1673016034.5094852, "../content/predicates/pred/envy.html": 1673016034.5114858, "../content/predicates/pred/fall_behind.html": 1673016034.515486, "../content/predicates/pred/fall_in_love.html": 1673016034.5174851, "../content/predicates/pred/feel_pain.html": 1673016034.5194852, "../content/predicates/pred/fight.html": 1673016034.521485, "../content/predicates/pred/fillintr.html": 1673016034.5234857, "../content/predicates/pred/find.html": 1673016034.5254855, "../content/predicates/pred/flatter.html": 1673016034.527485, "../content/predicates/pred/follow.html": 1673016034.5314858, "../content/predicates/pred/forfeit.html": 1673016034.533486, "../content/predicates/pred/forget.html": 1673016034.5354853, "../content/predicates/pred/fry.html": 1673016034.5374851, "../content/predicates/pred/get_irritated.html": 1673016034.5394852, "../content/predicates/pred/get_stuck.html": 1673016034.5414898, "../content/predicates/pred/get_to_know.html": 1673016034.5434897, "../content/predicates/pred/get_upset.html": 1673016034.5474901, "../content/predicates/pred/give_birth.html": 1673016034.5494895, "../content/predicates/pred/govern.html": 1673016034.5532477, "../content/predicates/pred/go_out.html": 1673016034.5514896, "../content/predicates/pred/hate.html": 1673016034.5552552, "../content/predicates/pred/have.html": 1673016034.5574307, "../content/predicates/pred/haveillness.html": 1673016034.5674305, "../content/predicates/pred/have_a_grudge.html": 1673016034.5594313, "../content/predicates/pred/have_a_quarrel.html": 1673016034.5634296, "../content/predicates/pred/have_enough.html": 1673016034.5654335, "../content/predicates/pred/hear.html": 1673016034.5694287, "../content/predicates/pred/help.html": 1673016034.5714293, "../content/predicates/pred/hit.html": 1673016034.5754297, "../content/predicates/pred/hittarget.html": 1673016034.5776553, "../content/predicates/pred/hold.html": 1673016034.579661, "../content/predicates/pred/influence.html": 1673016034.5816612, "../content/predicates/pred/kill.html": 1673016034.5839858, "../content/predicates/pred/kiss.html": 1673016034.5859952, "../content/predicates/pred/know.html": 1673016034.5880003, "../content/predicates/pred/leave.html": 1673016034.5900004, "../content/predicates/pred/like.html": 1673016034.5920014, "../content/predicates/pred/listen.html": 1673016034.5960004, "../content/predicates/pred/look.html": 1673016034.5981135, "../content/predicates/pred/look_for.html": 1673016034.6001208, "../content/predicates/pred/lose.html": 1673016034.6021223,