{"../content\\index.md": 1604136559.8362617, "../content\\data\\all\\index.html": 1602422419.207797, "../content\\data\\maps\\index.html": 1602412110.0716016, "../content\\data\\patterns\\index.html": 1602421652.6626308, "../content\\howtoreadthedata\\index.md": 1603702200.7378824, "../content\\languages\\descriptions\\Aghul.md": 1602154728.983954, "../content\\languages\\descriptions\\Andi_Zilo.md": 1602154729.0009525, "../content\\languages\\descriptions\\Assyrian_Neo_Aramaic.md": 1602154729.073955, "../content\\languages\\descriptions\\Enets_Forest.md": 1604752817.4473214, "../content\\languages\\descriptions\\Hebrew_Modern.md": 1604735728.3486528, "../content\\languages\\descriptions\\Russian.md": 1604824989.0920072, "../content\\languages\\descriptions\\Rutul.md": 1600671001.778884, "../content\\languages\\descriptions\\Saami_Skolt.md": 1602154729.0849533, "../content\\languages\\listview\\index.html": 1604825720.8556073, "../content\\languages\\mapview\\index.html": 1599558026.5958788, "../content\\predicates\\index.html": 1596804249.7262561, "../content\\predicates\\pred\\agree.html": 1596804249.7272527, "../content\\predicates\\pred\\answer.html": 1596804249.7272527, "../content\\predicates\\pred\\attack.html": 1596804249.7272527, "../content\\predicates\\pred\\avoid.html": 1596804249.7282495, "../content\\predicates\\pred\\believe.html": 1596804249.7312407, "../content\\predicates\\pred\\bend.html": 1596804249.7312407, "../content\\predicates\\pred\\be_afraid.html": 1596804249.7282495, "../content\\predicates\\pred\\be_angry.html": 1596804249.7282495, "../content\\predicates\\pred\\be_called.html": 1596804249.7282495, "../content\\predicates\\pred\\be_content.html": 1596804249.729246, "../content\\predicates\\pred\\be_different.html": 1596804249.729246, "../content\\predicates\\pred\\be_fond.html": 1596804249.729246, "../content\\predicates\\pred\\be_friends.html": 1596804249.729246, "../content\\predicates\\pred\\be_glad.html": 1596804249.729246, "../content\\predicates\\pred\\be_short.html": 1596804249.7302434, "../content\\predicates\\pred\\be_shy.html": 1596804249.7302434, "../content\\predicates\\pred\\be_squeamish.html": 1596804249.7302434, "../content\\predicates\\pred\\be_surprised.html": 1596804249.7302434, "../content\\predicates\\pred\\bite.html": 1596804249.7312407, "../content\\predicates\\pred\\break.html": 1596804249.732239, "../content\\predicates\\pred\\call.html": 1596804249.732239, "../content\\predicates\\pred\\catch_up.html": 1596804249.732239, "../content\\predicates\\pred\\cost.html": 1596804249.732239, "../content\\predicates\\pred\\cover.html": 1596804249.7332363, "../content\\predicates\\pred\\cross.html": 1596804249.7332363, "../content\\predicates\\pred\\cut_oneself.html": 1596804249.7332363, "../content\\predicates\\pred\\depend.html": 1596804249.7332363, "../content\\predicates\\pred\\despise.html": 1596804249.7342336, "../content\\predicates\\pred\\dismount.html": 1596804249.7342336, "../content\\predicates\\pred\\dream.html": 1596804249.7342336, "../content\\predicates\\pred\\dreamsleeping.html": 1596804249.73523, "../content\\predicates\\pred\\drink.html": 1596804249.73523, "../content\\predicates\\pred\\drive.html": 1596804249.73523, "../content\\predicates\\pred\\drop.html": 1596804249.73523, "../content\\predicates\\pred\\eat.html": 1596804249.73523, "../content\\predicates\\pred\\encounter.html": 1596804249.7362275, "../content\\predicates\\pred\\enjoy.html": 1596804249.7362275, "../content\\predicates\\pred\\enter.html": 1596804249.7362275, "../content\\predicates\\pred\\envy.html": 1596804249.737226, "../content\\predicates\\pred\\fall_behind.html": 1596804249.737226, "../content\\predicates\\pred\\fall_in_love.html": 1596804249.737226, "../content\\predicates\\pred\\feel_pain.html": 1596804249.7382245, "../content\\predicates\\pred\\fight.html": 1596804249.7382245, "../content\\predicates\\pred\\fillintr.html": 1596804249.7382245, "../content\\predicates\\pred\\find.html": 1596804249.7382245, "../content\\predicates\\pred\\flatter.html": 1596804249.7392218, "../content\\predicates\\pred\\follow.html": 1596804249.7392218, "../content\\predicates\\pred\\forfeit.html": 1596804249.7392218, "../content\\predicates\\pred\\forget.html": 1596804249.7402172, "../content\\predicates\\pred\\fry.html": 1596804249.7402172, "../content\\predicates\\pred\\get_irritated.html": 1596804249.7402172, "../content\\predicates\\pred\\get_stuck.html": 1596804249.7402172, "../content\\predicates\\pred\\get_to_know.html": 1596804249.7402172, "../content\\predicates\\pred\\get_upset.html": 1596804249.7412148, "../content\\predicates\\pred\\give_birth.html": 1596804249.7412148, "../content\\predicates\\pred\\govern.html": 1596804249.7422113, "../content\\predicates\\pred\\go_out.html": 1596804249.7412148, "../content\\predicates\\pred\\hate.html": 1596804249.7422113, "../content\\predicates\\pred\\have.html": 1596804249.7422113, "../content\\predicates\\pred\\haveillness.html": 1596804249.7432086, "../content\\predicates\\pred\\have_a_grudge.html": 1596804249.7422113, "../content\\predicates\\pred\\have_a_quarrel.html": 1596804249.7422113, "../content\\predicates\\pred\\have_enough.html": 1596804249.7432086, "../content\\predicates\\pred\\hear.html": 1596804249.7432086, "../content\\predicates\\pred\\help.html": 1596804249.7432086, "../content\\predicates\\pred\\hit.html": 1596804249.744206, "../content\\predicates\\pred\\hittarget.html": 1596804249.744206, "../content\\predicates\\pred\\hold.html": 1596804249.744206, "../content\\predicates\\pred\\influence.html": 1596804249.744206, "../content\\predicates\\pred\\kill.html": 1596804249.7452035, "../content\\predicates\\pred\\kiss.html": 1596804249.7452035, "../content\\predicates\\pred\\know.html": 1596804249.7452035, "../content\\predicates\\pred\\leave.html": 1596804249.7452035, "../content\\predicates\\pred\\like.html": 1596804249.7452035, "../content\\predicates\\pred\\listen.html": 1596804249.7462006, "../content\\predicates\\pred\\look.html": 1596804249.7462006, "../content\\predicates\\pred\\look_for.html": 1596804249.7462006, "../content\\predicates\\pred\\lose.html": 1596804249.7462006, "../content\\predicates\\pred\\losegame.html": 1596804249.747198, "../content\\predicates\\pred\\love1.html": 1596804249.747198, "../content\\predicates\\pred\\love2.html": 1596804249.747198, "../content\\predicates\\pred\\make.html": 1596804249.747198, "../content\\predicates\\pred\\make_fun.html": 1596804249.7481954, "../content\\predicates\\pred\\marvel.html": 1596804249.7481954, "../content\\predicates\\pred\\match.html": 1596804249.7481954, "../content\\predicates\\pred\\melt.html": 1596804249.7481954, "../content\\predicates\\pred\\milk.html": 1596804249.7481954, "../content\\predicates\\pred\\miss.html": 1596804249.7491927, "../content\\predicates\\pred\\mix.html": 1596804249.7491927, "../content\\predicates\\pred\\movebodypart.html": 1596804249.7491927, "../content\\predicates\\pred\\need.html": 1596804249.7491927, "../content\\predicates\\pred\\obey.html": 1596804249.7491927, "../content\\predicates\\pred\\open.html": 1596804249.75019, "../content\\predicates\\pred\\paint.html": 1596804249.75019, "../content\\predicates\\pred\\playinstrument.html": 1596804249.7511883, "../content\\predicates\\pred\\plough.html": 1596804249.7511883, "../content\\predicates\\pred\\pour.html": 1596804249.7521849, "../content\\predicates\\pred\\punish.html": 1596804249.7521849, "../content\\predicates\\pred\\put_on.html": 1596804249.7521849, "../content\\predicates\\pred\\reach.html": 1596804249.7521849, "../content\\predicates\\pred\\read.html": 1596804249.7521849, "../content\\predicates\\pred\\remain.html": 1596804249.7531824, "../content\\predicates\\pred\\remember.html": 1596804249.7531824, "../content\\predicates\\pred\\resemble.html": 1596804249.7531824, "../content\\predicates\\pred\\respect.html": 1596804249.7531824, "../content\\predicates\\pred\\see.html": 1596804249.7541792,