{"../content/index.md": 1606145624.2532802, "../content/predicates/index.html": 1606147345.3780687, "../content/predicates/pred/get_to_know.html": 1596443852.5116134, "../content/predicates/pred/dismount.html": 1596443852.5270066, "../content/predicates/pred/read.html": 1596443852.532095, "../content/predicates/pred/throw.html": 1596443852.4952075, "../content/predicates/pred/love2.html": 1596443852.5361936, "../content/predicates/pred/hate.html": 1596443852.519931, "../content/predicates/pred/drink.html": 1596443852.523406, "../content/predicates/pred/despise.html": 1596443852.5373673, "../content/predicates/pred/milk.html": 1596443852.5092878, "../content/predicates/pred/cover.html": 1596443852.5242217, "../content/predicates/pred/wash.html": 1596443852.5159302, "../content/predicates/pred/answer.html": 1596443852.5211396, "../content/predicates/pred/miss.html": 1596443852.5265555, "../content/predicates/pred/shoot_at.html": 1596443852.5295992, "../content/predicates/pred/have.html": 1596443852.512625, "../content/predicates/pred/try_to_catch.html": 1596443852.514315, "../content/predicates/pred/fall_behind.html": 1596443852.5218923, "../content/predicates/pred/understand.html": 1596443852.5247116, "../content/predicates/pred/be_squeamish.html": 1596443852.533648, "../content/predicates/pred/losegame.html": 1596443852.5254884, "../content/predicates/pred/drop.html": 1596443852.5262246, "../content/predicates/pred/help.html": 1596443852.5245495, "../content/predicates/pred/take.html": 1596443852.5002868, "../content/predicates/pred/remember.html": 1596443852.5243857, "../content/predicates/pred/bite.html": 1596443852.5135918, "../content/predicates/pred/agree.html": 1596443852.5285578, "../content/predicates/pred/remain.html": 1596443852.5208068, "../content/predicates/pred/look.html": 1596443852.527963, "../content/predicates/pred/need.html": 1596443852.5203598, "../content/predicates/pred/cross.html": 1596443852.5225074, "../content/predicates/pred/surround.html": 1596443852.5206025, "../content/predicates/pred/leave.html": 1596443852.5240533, "../content/predicates/pred/respect.html": 1596443852.5333884, "../content/predicates/pred/give_birth.html": 1596443852.526071, "../content/predicates/pred/be_angry.html": 1596443852.535906, "../content/predicates/pred/resemble.html": 1596443852.4976788, "../content/predicates/pred/melt.html": 1596443852.5236938, "../content/predicates/pred/hear.html": 1596443852.5277221, "../content/predicates/pred/speak.html": 1596443852.5259042, "../content/predicates/pred/playinstrument.html": 1596443852.5119362, "../content/predicates/pred/hold.html": 1596443852.5079072, "../content/predicates/pred/have_a_quarrel.html": 1596443852.5287194, "../content/predicates/pred/think.html": 1596443852.5103412, "../content/predicates/pred/bend.html": 1596443852.5062542, "../content/predicates/pred/get_stuck.html": 1596443852.5253005, "../content/predicates/pred/wave.html": 1596443852.5154011, "../content/predicates/pred/feel_pain.html": 1596443852.4915614, "../content/predicates/pred/take_off.html": 1596443852.5281215, "../content/predicates/pred/catch_up.html": 1596443852.5088494, "../content/predicates/pred/mix.html": 1596443852.527842, "../content/predicates/pred/obey.html": 1596443852.527365, "../content/predicates/pred/marvel.html": 1596443852.537152, "../content/predicates/pred/movebodypart.html": 1596443852.5328152, "../content/predicates/pred/look_for.html": 1596443852.512773, "../content/predicates/pred/be_shy.html": 1596443852.5387623, "../content/predicates/pred/attack.html": 1596443852.5185115, "../content/predicates/pred/sink.html": 1596443852.5305073, "../content/predicates/pred/punish.html": 1596443852.5182474, "../content/predicates/pred/fight.html": 1596443852.510035, "../content/predicates/pred/believe.html": 1596443852.4993134, "../content/predicates/pred/upset.html": 1596443852.5369987, "../content/predicates/pred/see.html": 1596443852.5015998, "../content/predicates/pred/pour.html": 1596443852.529814, "../content/predicates/pred/enter.html": 1596443852.50341, "../content/predicates/pred/sing.html": 1596443852.5226688, "../content/predicates/pred/listen.html": 1596443852.527194, "../content/predicates/pred/take_offence.html": 1596443852.5368497, "../content/predicates/pred/be_afraid.html": 1596443852.492814, "../content/predicates/pred/forget.html": 1596443852.5111775, "../content/predicates/pred/lose.html": 1596443852.5301585, "../content/predicates/pred/be_called.html": 1596443852.517974, "../content/predicates/pred/find.html": 1596443852.5191312, "../content/predicates/pred/call.html": 1596443852.511458, "../content/predicates/pred/enjoy.html": 1596443852.5363703, "../content/predicates/pred/want.html": 1596443852.5365353, "../content/predicates/pred/have_a_grudge.html": 1596443852.5366974, "../content/predicates/pred/tell.html": 1596443852.507364, "../content/predicates/pred/get_irritated.html": 1596443852.5381563, "../content/predicates/pred/depend.html": 1596443852.5113041, "../content/predicates/pred/like.html": 1596443852.5201526, "../content/predicates/pred/haveillness.html": 1596443852.4923007, "../content/predicates/pred/know.html": 1596443852.5117612, "../content/predicates/pred/fall_in_love.html": 1596443852.5350735, "../content/predicates/pred/be_short.html": 1596443852.5194142, "../content/predicates/pred/drive.html": 1596443852.5053568, "../content/predicates/pred/win.html": 1596443852.5040114, "../content/predicates/pred/match.html": 1596443852.5238814, "../content/predicates/pred/fry.html": 1596443852.5108871, "../content/predicates/pred/smell.html": 1596443852.522339, "../content/predicates/pred/encounter.html": 1596443852.5027912, "../content/predicates/pred/influence.html": 1596443852.5022573, "../content/predicates/pred/forfeit.html": 1596443852.5140908, "../content/predicates/pred/cost.html": 1596443852.5288827, "../content/predicates/pred/make_fun.html": 1596443852.512469, "../content/predicates/pred/be_different.html": 1596443852.5216403, "../content/predicates/pred/sympathise.html": 1596443852.5355628, "../content/predicates/pred/cut_oneself.html": 1596443852.5251393, "../content/predicates/pred/put_on.html": 1596443852.5168557, "../content/predicates/pred/fillintr.html": 1596443852.5187895, "../content/predicates/pred/kiss.html": 1596443852.5314724, "../content/predicates/pred/hit.html": 1596443852.5312557, "../content/predicates/pred/reach.html": 1596443852.5096245, "../content/predicates/pred/paint.html": 1596443852.5129356, "../content/predicates/pred/get_upset.html": 1596443852.5379853, "../content/predicates/pred/make.html": 1596443852.5123146, "../content/predicates/pred/be_content.html": 1596443852.5340827, "../content/predicates/pred/write.html": 1596443852.5228202, "../content/predicates/pred/open.html": 1596443852.521441, "../content/predicates/pred/kill.html": 1596443852.5307665, "../content/predicates/pred/be_glad.html": 1596443852.5257266, "../content/predicates/pred/hittarget.html": 1596443852.5249033, "../content/predicates/pred/have_enough.html": 1596443852.4968655, "../content/predicates/pred/govern.html": 1596443852.5264075, "../content/predicates/pred/plough.html": 1596443852.5221539, "../content/predicates/pred/be_friends.html": 1596443852.510187, "../content/predicates/pred/avoid.html": 1596443852.512161, "../content/predicates/pred/break.html": 1596443852.5144825, "../content/predicates/pred/envy.html": 1596443852.5357702, "../content/predicates/pred/be_surprised.html": 1596443852.5360246, "../content/predicates/pred/flatter.html": 1596443852.5146415, "../content/predicates/pred/eat.html": 1596443852.5106072, "../content/predicates/pred/follow.html": 1596443852.5268238, "../content/predicates/pred/touch.html": 1596443852.5098825, "../content/predicates/pred/dream.html": 1596443852.5157208, "../content/predicates/pred/love1.html": 1596443852.5148563, "../content/predicates/pred/go_out.html": 1596443852.5047,