{"../content/index.md": 1707559062.142138, "../content/data/all/index.html": 1699964834.4355526, "../content/data/maps/index.html": 1699964834.4355526, "../content/data/patterns/index.html": 1699964834.4355526, "../content/download/index.md": 1699964834.4511826, "../content/howtoreadthedata/index.md": 1699964834.4511826, "../content/languages/descriptions/Abaza.md": 1699964834.4668033, "../content/languages/descriptions/Adyghe_West_Circassian.md": 1699964834.4668033, "../content/languages/descriptions/Aghul.md": 1699964834.4668033, "../content/languages/descriptions/Akhvakh_Northern.md": 1707559062.142138, "../content/languages/descriptions/Andi_Zilo.md": 1699964834.4668033, "../content/languages/descriptions/Arabic_Standard.md": 1709809614.998122, "../content/languages/descriptions/Archi.md": 1701075744.5062735, "../content/languages/descriptions/Assyrian_Neo_Aramaic.md": 1699964834.482427, "../content/languages/descriptions/Avar.md": 1707559062.1576402, "../content/languages/descriptions/Azerbaijani.md": 1709809614.998122, "../content/languages/descriptions/Bambara.md": 1699964834.4914317, "../content/languages/descriptions/Catalan.md": 1699964834.4914317, "../content/languages/descriptions/Chinese_Mandarin.md": 1699964834.4914317, "../content/languages/descriptions/Chirag.md": 1707559062.1576402, "../content/languages/descriptions/Czech.md": 1699964834.4984357, "../content/languages/descriptions/Danish.md": 1699964834.4984357, "../content/languages/descriptions/Dargwa_Icari.md": 1707559062.1732717, "../content/languages/descriptions/Dargwa_Kadar.md": 1709809614.998122, "../content/languages/descriptions/Dargwa_Kaytag.md": 1709809615.0126276, "../content/languages/descriptions/Dargwa_Tsudakhar.md": 1707559062.1732717, "../content/languages/descriptions/Dargwa_Tsugni.md": 1709809615.0126276, "../content/languages/descriptions/Dutch.md": 1699964834.4984357, "../content/languages/descriptions/Enets_Forest.md": 1699964834.5140662, "../content/languages/descriptions/English.md": 1699964834.5140662, "../content/languages/descriptions/Estonian.md": 1699964834.5140662, "../content/languages/descriptions/Finnish.md": 1699964834.5140662, "../content/languages/descriptions/French.md": 1699964834.5140662, "../content/languages/descriptions/Georgian.md": 1699964834.5296912, "../content/languages/descriptions/German.md": 1699964834.5296912, "../content/languages/descriptions/Hebrew_Modern.md": 1699964834.5296912, "../content/languages/descriptions/Irish.md": 1699964834.5296912, "../content/languages/descriptions/Italian.md": 1709809615.0126276, "../content/languages/descriptions/Karata.md": 1707559062.189379, "../content/languages/descriptions/Kazakh.md": 1699964834.5453165, "../content/languages/descriptions/Khanty_Kazym.md": 1699964834.5453165, "../content/languages/descriptions/Khoekhoe.md": 1707559062.189379, "../content/languages/descriptions/Khwarshi.md": 1707559062.189379, "../content/languages/descriptions/Kpelle_Guinean.md": 1709809615.0126276, "../content/languages/descriptions/Kryz_Alik.md": 1707559062.1983862, "../content/languages/descriptions/Kumyk.md": 1699964834.5453165, "../content/languages/descriptions/Kurdish_Sorani.md": 1699964834.560941, "../content/languages/descriptions/Latin.md": 1699964834.560941, "../content/languages/descriptions/Laz.md": 1707559062.1983862, "../content/languages/descriptions/Maninka_Eastern.md": 1699964834.560941, "../content/languages/descriptions/Mano.md": 1701075744.5182745, "../content/languages/descriptions/Mansi_Northern.md": 1699964834.5765662, "../content/languages/descriptions/Mehweb.md": 1707559062.206693, "../content/languages/descriptions/Mingrelian.md": 1702714249.0774164, "../content/languages/descriptions/Nanai.md": 1699964834.5765662, "../content/languages/descriptions/Nivkh.md": 1699964834.5765662, "../content/languages/descriptions/Norwegian_Bokmal.md": 1699964834.5765662, "../content/languages/descriptions/Oromo_West_Central.md": 1699964834.5925758, "../content/languages/descriptions/Polish.md": 1699964834.5925758, "../content/languages/descriptions/Portuguese_Brazilian.md": 1699964834.5925758, "../content/languages/descriptions/Romani_Kalderash.md": 1707559062.2115872, "../content/languages/descriptions/Russian.md": 1699964834.5925758, "../content/languages/descriptions/Rutul_Kina.md": 1699964834.5925758, "../content/languages/descriptions/Rutul_Mukhad.md": 1701075744.523275, "../content/languages/descriptions/Rutul_Shinaz.md": 1707559062.2115872, "../content/languages/descriptions/Rutul_Southern.md": 1699964834.6082072, "../content/languages/descriptions/Saami_Skolt.md": 1699964834.6082072, "../content/languages/descriptions/Serbian.md": 1699964834.6082072, "../content/languages/descriptions/Shughni.md": 1699964834.6082072, "../content/languages/descriptions/Slovak.md": 1707559062.2115872, "../content/languages/descriptions/Slovenian.md": 1699964834.6238315, "../content/languages/descriptions/Spanish.md": 1699964834.6238315, "../content/languages/descriptions/Svan.md": 1699964834.6238315, "../content/languages/descriptions/Swedish.md": 1699964834.6238315, "../content/languages/descriptions/Tabasaran_Kandyk.md": 1709809615.028304, "../content/languages/descriptions/Tagalog.md": 1699964834.6238315, "../content/languages/descriptions/Telugu.md": 1699964834.6238315, "../content/languages/descriptions/Tsakhur.md": 1709809615.028304, "../content/languages/descriptions/Turkish.md": 1699964834.6394575, "../content/languages/descriptions/Turoyo.md": 1709809615.028304, "../content/languages/descriptions/Ulcha.md": 1699964834.6394575, "../content/languages/descriptions/Uzbek.md": 1699964834.6394575, "../content/languages/descriptions/Yukaghir_Northern.md": 1701075744.527276, "../content/languages/listview/index.html": 1699964834.6394575, "../content/languages/mapview/index.html": 1699964834.6550813, "../content/predicates/index.html": 1699964834.6550813, "../content/predicates/pred/agree.html": 1699964834.6550813, "../content/predicates/pred/answer.html": 1699964834.6550813, "../content/predicates/pred/attack.html": 1699964834.6707084, "../content/predicates/pred/avoid.html": 1699964834.6707084, "../content/predicates/pred/believe.html": 1699964834.691719, "../content/predicates/pred/bend.html": 1699964834.7043893, "../content/predicates/pred/be_afraid.html": 1699964834.6747084, "../content/predicates/pred/be_angry.html": 1699964834.6747084, "../content/predicates/pred/be_called.html": 1699964834.6747084, "../content/predicates/pred/be_content.html": 1699964834.6747084, "../content/predicates/pred/be_different.html": 1699964834.6747084, "../content/predicates/pred/be_fond.html": 1699964834.6867135, "../content/predicates/pred/be_friends.html": 1699964834.6867135, "../content/predicates/pred/be_glad.html": 1699964834.6867135, "../content/predicates/pred/be_short.html": 1699964834.691719, "../content/predicates/pred/be_shy.html": 1699964834.691719, "../content/predicates/pred/be_squeamish.html": 1699964834.691719, "../content/predicates/pred/be_surprised.html": 1699964834.691719, "../content/predicates/pred/bite.html": 1699964834.7053945, "../content/predicates/pred/break.html": 1699964834.7053945, "../content/predicates/pred/call.html": 1699964834.7053945, "../content/predicates/pred/catch_up.html": 1699964834.7053945, "../content/predicates/pred/cost.html": 1699964834.7053945, "../content/predicates/pred/cover.html": 1699964834.718403, "../content/predicates/pred/cross.html": 1699964834.718403, "../content/predicates/pred/cut_oneself.html": 1699964834.718403, "../content/predicates/pred/depend.html": 1699964834.718403, "../content/predicates/pred/despise.html": 1699964834.718403, "../content/predicates/pred/dismount.html": 1699964834.718403, "../content/predicates/pred/dream.html": 1699964834.718403, "../content/predicates/pred/dreamsleeping.html": 1699964834.7340374, "../content/predicates/pred/drink.html": 1699964834.7340374, "../content/predicates/pred/drive.html": 1699964834.7340374,