{"../content/index.md": 1694811309.7134652, "../content/data/maps/index.html": 1694811309.6954648, "../content/data/all/index.html": 1694811309.6904647, "../content/data/patterns/index.html": 1694811309.700465, "../content/project/instructions/index.md": 1694811310.207474, "../content/project/description/index.md": 1694811310.2024739, "../content/project/questionnaire/index.md": 1694811310.216474, "../content/project/publications/index.md": 1694811310.212474, "../content/project/team/index.md": 1694811310.2214742, "../content/download/index.md": 1694811309.705465, "../content/languages/mapview/index.html": 1694811309.9074686, "../content/languages/listview/index.html": 1694811309.9024687, "../content/languages/descriptions/Norwegian_Bokmal.md": 1694811309.8284671, "../content/languages/descriptions/Chinese_Mandarin.md": 1694811309.7434657, "../content/languages/descriptions/Slovak.md": 1694811309.8614678, "../content/languages/descriptions/Nivkh.md": 1694811309.825467, "../content/languages/descriptions/Italian.md": 1694811309.7904665, "../content/languages/descriptions/Danish.md": 1694811309.7514658, "../content/languages/descriptions/Finnish.md": 1694811309.7684662, "../content/languages/descriptions/Khwarshi.md": 1694811309.8014667, "../content/languages/descriptions/Bambara.md": 1694811309.7374656, "../content/languages/descriptions/Assyrian_Neo_Aramaic.md": 1694811309.7344656, "../content/languages/descriptions/German.md": 1694811309.7794664, "../content/languages/descriptions/French.md": 1694811309.7724662, "../content/languages/descriptions/Georgian.md": 1694811309.7754662, "../content/languages/descriptions/Yukaghir_Northern.md": 1694811309.8974686, "../content/languages/descriptions/Latin.md": 1694811309.807467, "../content/languages/descriptions/Slovenian.md": 1694811309.8644679, "../content/languages/descriptions/Shughni.md": 1694811309.8584678, "../content/languages/descriptions/Irish.md": 1694811309.7864666, "../content/languages/descriptions/Telugu.md": 1694811309.877468, "../content/languages/descriptions/Nanai.md": 1694811309.822467, "../content/languages/descriptions/Romani_Kalderash.md": 1694811309.8424675, "../content/languages/descriptions/Kazakh.md": 1694811309.7944667, "../content/languages/descriptions/Spanish.md": 1694811309.8674679, "../content/languages/descriptions/Hebrew_Modern.md": 1694811309.7834663, "../content/languages/descriptions/Maninka_Eastern.md": 1694811309.811467, "../content/languages/descriptions/Andi_Zilo.md": 1694811309.7304654, "../content/languages/descriptions/Saami_Skolt.md": 1694811309.8524678, "../content/languages/descriptions/Czech.md": 1694811309.7474658, "../content/languages/descriptions/Estonian.md": 1694811309.7654662, "../content/languages/descriptions/Russian.md": 1694811309.8454676, "../content/languages/descriptions/Khanty_Kazym.md": 1694811309.7974668, "../content/languages/descriptions/Portuguese_Brazilian.md": 1694811309.8394675, "../content/languages/descriptions/Rutul_Kina.md": 1694811309.8484676, "../content/languages/descriptions/Tagalog.md": 1694811309.874468, "../content/languages/descriptions/Mingrelian.md": 1694811309.8184671, "../content/languages/descriptions/Polish.md": 1694811309.8364675, "../content/languages/descriptions/English.md": 1694811309.761466, "../content/languages/descriptions/Kurdish_Sorani.md": 1694811309.8044667, "../content/languages/descriptions/Abaza.md": 1694811309.7204654, "../content/languages/descriptions/Adyghe.md": 1694811309.7234654, "../content/languages/descriptions/Aghul.md": 1694811309.7274654, "../content/languages/descriptions/Dutch.md": 1694811309.7544658, "../content/languages/descriptions/Uzbek.md": 1694811309.8944683, "../content/languages/descriptions/Catalan.md": 1694811309.7404656, "../content/languages/descriptions/Turkish.md": 1694811309.8804681, "../content/languages/descriptions/Ulcha.md": 1694811309.8904684, "../content/languages/descriptions/Mansi_Northern.md": 1694811309.814467, "../content/languages/descriptions/Swedish.md": 1694811309.871468, "../content/languages/descriptions/Serbian.md": 1694811309.8554678, "../content/languages/descriptions/Oromo_West_Central.md": 1694811309.8324673, "../content/languages/descriptions/Enets_Forest.md": 1694811309.757466, "../content/predicates/index.html": 1694811309.9114687, "../content/predicates/pred/hittarget.html": 1694811310.0624714, "../content/predicates/pred/sympathise.html": 1694811310.1614733, "../content/predicates/pred/avoid.html": 1694811309.9234688, "../content/predicates/pred/plough.html": 1694811310.1274726, "../content/predicates/pred/fight.html": 1694811310.0114706, "../content/predicates/pred/speak.html": 1694811310.157473, "../content/predicates/pred/break.html": 1694811309.9604695, "../content/predicates/pred/go_out.html": 1694811310.040471, "../content/predicates/pred/look.html": 1694811310.0824718, "../content/predicates/pred/envy.html": 1694811310.0034704, "../content/predicates/pred/sing.html": 1694811310.151473, "../content/predicates/pred/forget.html": 1694811310.0254707, "../content/predicates/pred/be_glad.html": 1694811309.9434693, "../content/predicates/pred/reach.html": 1694811310.1364727, "../content/predicates/pred/fall_behind.html": 1694811310.0054705, "../content/predicates/pred/get_upset.html": 1694811310.036471, "../content/predicates/pred/lovetea.html": 1694811310.094472, "../content/predicates/pred/take_offence.html": 1694811310.1674733, "../content/predicates/pred/surround.html": 1694811310.1594732, "../content/predicates/pred/be_shy.html": 1694811309.9474695, "../content/predicates/pred/hold.html": 1694811310.0644715, "../content/predicates/pred/believe.html": 1694811309.9544694, "../content/predicates/pred/smell.html": 1694811310.155473, "../content/predicates/pred/have_a_quarrel.html": 1694811310.0504713, "../content/predicates/pred/milk.html": 1694811310.1064723, "../content/predicates/pred/help.html": 1694811310.0584714, "../content/predicates/pred/leave.html": 1694811310.0744717, "../content/predicates/pred/punish.html": 1694811310.1324728, "../content/predicates/pred/haveillness.html": 1694811310.0544713, "../content/predicates/pred/remain.html": 1694811310.1394727, "../content/predicates/pred/wash.html": 1694811310.1894736, "../content/predicates/pred/be_different.html": 1694811309.9354692, "../content/predicates/pred/attack.html": 1694811309.921469, "../content/predicates/pred/have_enough.html": 1694811310.0524712, "../content/predicates/pred/make.html": 1694811310.096472, "../content/predicates/pred/be_friends.html": 1694811309.9404693, "../content/predicates/pred/trust.html": 1694811310.1774735, "../content/predicates/pred/be_surprised.html": 1694811309.9514694, "../content/predicates/pred/flatter.html": 1694811310.0184705, "../content/predicates/pred/movebodypart.html": 1694811310.1134722, "../content/predicates/pred/read.html": 1694811310.1384728, "../content/predicates/pred/dreamsleeping.html": 1694811309.98547, "../content/predicates/pred/be_fond.html": 1694811309.9384692, "../content/predicates/pred/make_fun.html": 1694811310.098472, "../content/predicates/pred/throw.html": 1694811310.1734734, "../content/predicates/pred/govern.html": 1694811310.0424712, "../content/predicates/pred/obey.html": 1694811310.1184723, "../content/predicates/pred/hate.html": 1694811310.044471, "../content/predicates/pred/kiss.html": 1694811310.0704715, "../content/predicates/pred/cost.html": 1694811309.9674697, "../content/predicates/pred/have.html": 1694811310.046471, "../content/predicates/pred/be_called.html": 1694811309.929469, "../content/predicates/pred/write.html": 1694811310.1964738, "../content/predicates/pred/resemble.html": 1694811310.143473, "../content/predicates/pred/answer.html": 1694811309.918469, "../content/predicates/pred/drop.html": 1694811309.9924703, "../content/predicates/pred/put_on.html": 1694811310.1344726, "../content/predicates/pred/bend.html": 1694811309.9564695, "../content/predicates/pred/remember.html": 1694811310.1414728,