{"../content/index.md": 1745267799.244612, "../content/predicates/index.html": 1699883775.6623719, "../content/predicates/pred/get_to_know.html": 1699883775.6639357, "../content/predicates/pred/dismount.html": 1699883775.663267, "../content/predicates/pred/read.html": 1699883775.6651802, "../content/predicates/pred/throw.html": 1699883775.665711, "../content/predicates/pred/hate.html": 1699883775.6640718, "../content/predicates/pred/drink.html": 1699883775.6633558, "../content/predicates/pred/despise.html": 1699883775.6632416, "../content/predicates/pred/milk.html": 1699883775.664816, "../content/predicates/pred/cover.html": 1699883775.6631324, "../content/predicates/pred/wash.html": 1699883775.6659617, "../content/predicates/pred/answer.html": 1699883775.662477, "../content/predicates/pred/miss.html": 1699883775.6648407, "../content/predicates/pred/shoot_at.html": 1699883775.6653533, "../content/predicates/pred/have.html": 1699883775.6640956, "../content/predicates/pred/try_to_catch.html": 1699883775.6657953, "../content/predicates/pred/fall_behind.html": 1699883775.66359, "../content/predicates/pred/be_squeamish.html": 1699883775.6628687, "../content/predicates/pred/losegame.html": 1699883775.664608, "../content/predicates/pred/drop.html": 1699883775.6634152, "../content/predicates/pred/help.html": 1699883775.6642582, "../content/predicates/pred/take.html": 1699883775.6655722, "../content/predicates/pred/remember.html": 1699883775.665238, "../content/predicates/pred/bite.html": 1699883775.6629937, "../content/predicates/pred/agree.html": 1699883775.6624424, "../content/predicates/pred/remain.html": 1699883775.6652088, "../content/predicates/pred/look.html": 1699883775.664534, "../content/predicates/pred/need.html": 1699883775.6649182, "../content/predicates/pred/cross.html": 1699883775.6631591, "../content/predicates/pred/surround.html": 1699883775.6655097, "../content/predicates/pred/leave.html": 1699883775.6644585, "../content/predicates/pred/respect.html": 1699883775.6652956, "../content/predicates/pred/give_birth.html": 1699883775.663994, "../content/predicates/pred/be_angry.html": 1699883775.662597, "../content/predicates/pred/resemble.html": 1699883775.665266, "../content/predicates/pred/melt.html": 1699883775.664792, "../content/predicates/pred/hear.html": 1699883775.6642308, "../content/predicates/pred/speak.html": 1699883775.6654768, "../content/predicates/pred/understandlanguage.html": 1699883775.6658316, "../content/predicates/pred/lovetea.html": 1699883775.6646624, "../content/predicates/pred/playinstrument.html": 1699883775.6650248, "../content/predicates/pred/hold.html": 1699883775.6643324, "../content/predicates/pred/have_a_quarrel.html": 1699883775.664148, "../content/predicates/pred/think.html": 1699883775.665684, "../content/predicates/pred/bend.html": 1699883775.662958, "../content/predicates/pred/get_stuck.html": 1699883775.66391, "../content/predicates/pred/wave.html": 1699883775.6659951, "../content/predicates/pred/feel_pain.html": 1699883775.6636462, "../content/predicates/pred/take_off.html": 1699883775.6655989, "../content/predicates/pred/catch_up.html": 1699883775.6630764, "../content/predicates/pred/mix.html": 1699883775.6648676, "../content/predicates/pred/obey.html": 1699883775.6649468, "../content/predicates/pred/marvel.html": 1699883775.6647418, "../content/predicates/pred/movebodypart.html": 1699883775.664893, "../content/predicates/pred/look_for.html": 1699883775.6645598, "../content/predicates/pred/be_shy.html": 1699883775.662831, "../content/predicates/pred/attack.html": 1699883775.6625037, "../content/predicates/pred/sink.html": 1699883775.665413, "../content/predicates/pred/punish.html": 1699883775.6651008, "../content/predicates/pred/fight.html": 1699883775.663672, "../content/predicates/pred/believe.html": 1699883775.662928, "../content/predicates/pred/upset.html": 1699883775.6658678, "../content/predicates/pred/see.html": 1699883775.6653237, "../content/predicates/pred/pour.html": 1699883775.6650743, "../content/predicates/pred/enter.html": 1699883775.663537, "../content/predicates/pred/sing.html": 1699883775.6653843, "../content/predicates/pred/listen.html": 1699883775.66451, "../content/predicates/pred/take_offence.html": 1699883775.6656291, "../content/predicates/pred/be_afraid.html": 1699883775.6625617, "../content/predicates/pred/forget.html": 1699883775.6638315, "../content/predicates/pred/lose.html": 1699883775.6645834, "../content/predicates/pred/be_called.html": 1699883775.662629, "../content/predicates/pred/find.html": 1699883775.6637294, "../content/predicates/pred/call.html": 1699883775.663048, "../content/predicates/pred/enjoy.html": 1699883775.6635098, "../content/predicates/pred/want.html": 1699883775.665929, "../content/predicates/pred/have_a_grudge.html": 1699883775.6641214, "../content/predicates/pred/tell.html": 1699883775.665659, "../content/predicates/pred/get_irritated.html": 1699883775.6638827, "../content/predicates/pred/depend.html": 1699883775.663216, "../content/predicates/pred/like.html": 1699883775.6644852, "../content/predicates/pred/haveillness.html": 1699883775.6642036, "../content/predicates/pred/know.html": 1699883775.6644328, "../content/predicates/pred/fall_in_love.html": 1699883775.663619, "../content/predicates/pred/be_short.html": 1699883775.662802, "../content/predicates/pred/drive.html": 1699883775.663386, "../content/predicates/pred/win.html": 1699883775.6660292, "../content/predicates/pred/match.html": 1699883775.6647666, "../content/predicates/pred/fry.html": 1699883775.6638567, "../content/predicates/pred/smell.html": 1699883775.6654444, "../content/predicates/pred/encounter.html": 1699883775.6634808, "../content/predicates/pred/influence.html": 1699883775.6643581, "../content/predicates/pred/forfeit.html": 1699883775.6638045, "../content/predicates/pred/cost.html": 1699883775.6631057, "../content/predicates/pred/make_fun.html": 1699883775.6647158, "../content/predicates/pred/be_different.html": 1699883775.6626883, "../content/predicates/pred/sympathise.html": 1699883775.6655402, "../content/predicates/pred/cut_oneself.html": 1699883775.6631877, "../content/predicates/pred/put_on.html": 1699883775.6651258, "../content/predicates/pred/fillintr.html": 1699883775.6637003, "../content/predicates/pred/kiss.html": 1699883775.664408, "../content/predicates/pred/hit.html": 1699883775.6642838, "../content/predicates/pred/reach.html": 1699883775.6651525, "../content/predicates/pred/paint.html": 1699883775.6649983, "../content/predicates/pred/get_upset.html": 1699883775.6639657, "../content/predicates/pred/make.html": 1699883775.6646903, "../content/predicates/pred/be_content.html": 1699883775.6626558, "../content/predicates/pred/write.html": 1699883775.6660633, "../content/predicates/pred/open.html": 1699883775.6649723, "../content/predicates/pred/kill.html": 1699883775.6643832, "../content/predicates/pred/be_glad.html": 1699883775.6627707, "../content/predicates/pred/hittarget.html": 1699883775.664307, "../content/predicates/pred/have_enough.html": 1699883775.6641786, "../content/predicates/pred/govern.html": 1699883775.6640463, "../content/predicates/pred/plough.html": 1699883775.6650498, "../content/predicates/pred/be_friends.html": 1699883775.662744, "../content/predicates/pred/avoid.html": 1699883775.6625314, "../content/predicates/pred/break.html": 1699883775.6630235, "../content/predicates/pred/envy.html": 1699883775.6635647, "../content/predicates/pred/be_surprised.html": 1699883775.6628962, "../content/predicates/pred/flatter.html": 1699883775.663755, "../content/predicates/pred/loveperson.html": 1699883775.6646366, "../content/predicates/pred/eat.html": 1699883775.6634486, "../content/predicates/pred/follow.html": 1699883775.6637805, "../content/predicates/pred/touch.html": 1699883775.665739, "../content/predicates/pred/dream.html": 1699883775.6632934, "../content/predicates/pred/go_out.html": 1699883775.6640215,